payment_method,count,mean,std,min,25%,50%,75%,max
COD,4160.0,10.60010574588721,23.073545764281743,-259.5505617977528,6.082443125136961,15.55474577797742,24.816354320716368,42.8107476635514
Credit Card,12170.0,11.093355016188156,22.625855128462952,-250.96153846153845,6.909580376168846,16.275319297228137,24.951642587774593,45.08670520231214
Debit Card,8505.0,10.952266061060959,23.069174487025613,-380.2325581395349,6.683713331912779,16.367816091954023,25.046382189239335,44.85981308411215
PayPal,3444.0,10.595711601965109,22.49051445017447,-172.85714285714286,6.523178983424675,16.18339464004204,24.87493608683517,42.78846153846153
UPI,4156.0,10.763448111209568,22.05413552361405,-188.19444444444443,6.517786844033978,15.807939275109664,24.67774285401363,43.13742649117894
Wallet,2065.0,11.017852655997702,22.417792961931678,-193.1972789115646,6.425041186161449,16.206731536130164,24.88520826500492,42.537363900723605
