category,count,mean,std,min,25%,50%,75%,max
Beauty,4103.0,11.990394833048988,18.897684884484246,-3.23,1.48,5.81,14.785,246.47
Electronics,6180.0,55.72358737864078,78.5301210383882,-2.95,12.6475,31.72,68.36749999999999,1536.17
Fashion,6254.0,20.597161816437477,31.425384985919145,-3.79,3.215,10.575,25.86,508.85
Grocery,4058.0,-2.2641596845736816,1.6544346024293772,-6.2,-3.21,-2.41,-1.55,26.47
Home,5487.0,47.864716602879525,69.21093587598308,-3.55,9.1,25.99,59.545,1112.25
Sports,4171.0,38.48511388156317,51.74851763217296,-2.89,7.785,21.47,48.73,765.28
Toys,4247.0,7.927772545326112,13.765475641078465,-4.34,0.29,3.24,10.17,153.34
