category,count,mean,std,min,25%,50%,75%,max
Beauty,4103.0,43.529856202778454,14.864085137207505,18.0,31.0,43.0,56.0,69.0
Electronics,6180.0,43.060679611650485,15.021030976758244,18.0,30.0,43.0,56.0,69.0
Fashion,6254.0,43.52638311480652,15.00758988524708,18.0,30.0,43.0,57.0,69.0
Grocery,4058.0,44.018235584031544,14.978224688872935,18.0,31.0,44.0,57.0,69.0
Home,5487.0,43.57736468015309,14.993940377036541,18.0,31.0,44.0,57.0,69.0
Sports,4171.0,42.872932150563415,15.00997792868517,18.0,30.0,42.0,56.0,69.0
Toys,4247.0,43.88415352013186,14.925415163035012,18.0,31.0,44.0,57.0,69.0
