region,total_orders,total_returns,return_rate_pct
Central,5632,287,5.095880681818182
East,6904,408,5.909617612977984
North,7572,406,5.361859482303222
South,7584,431,5.68301687763713
West,6808,371,5.449471210340776
