category,count,mean,std,min,25%,50%,75%,max
Beauty,4103.0,4.798683889836705,1.2230231756602674,3.0,4.0,5.0,6.0,9.0
Electronics,6180.0,4.816990291262136,1.246455795605818,3.0,4.0,5.0,6.0,10.0
Fashion,6254.0,4.866965142308922,1.2617789815847096,3.0,4.0,5.0,6.0,13.0
Grocery,4058.0,4.7922621981271565,1.2638073546168855,3.0,4.0,5.0,6.0,10.0
Home,5487.0,4.808091853471843,1.2286025484126541,3.0,4.0,5.0,6.0,10.0
Sports,4171.0,4.80100695276912,1.2514582161854715,3.0,4.0,5.0,6.0,10.0
Toys,4247.0,4.789263009182953,1.210566447646858,3.0,4.0,5.0,6.0,10.0
