category,count,mean,std,min,25%,50%,75%,max
Beauty,4103.0,20.425797752113724,18.55368051312551,-114.72868217054264,13.853371232034501,25.681935151827073,32.99071185920933,45.08670520231214
Electronics,6180.0,8.598928585619138,2.6571785364915237,-6.965761511216057,7.483269736572973,9.419896809692476,10.524046210216946,11.883418018270108
Fashion,6254.0,19.14853458922702,12.790791831066764,-59.77917981072556,14.718422413299285,23.018166343261967,27.92192982358293,34.36225385591962
Grocery,4058.0,-29.682780429745023,31.83534373281502,-380.2325581395349,-39.23178506375228,-20.250291093042144,-9.191815987870605,8.510638297872342
Home,5487.0,19.461919184340182,7.637749091156455,-38.67102396514161,16.9480828638531,22.001370801919123,24.61240278089714,27.734141232794734
Sports,4171.0,20.476815016412896,7.703339471167697,-26.106594399277327,17.426321997625884,22.933613224875362,25.859845877949603,29.637662076123494
Toys,4247.0,11.25052860139205,23.342296944137583,-188.48167539267018,3.6068102849200834,17.836734693877553,26.728548169531336,40.211640211640216
