region,count,mean,std,min,25%,50%,75%,max
Central,5632.0,10.887981871980566,22.671602637307586,-259.5505617977528,6.354885165620422,16.68758297618477,24.869458574065966,43.47443419949707
East,6904.0,11.043908839728036,22.328751335613784,-254.05405405405403,6.563596698148604,15.672063055757384,24.934974410544562,42.537363900723605
North,7572.0,10.782188488031867,23.224821044660604,-250.96153846153845,6.609029524190354,16.203473410691565,25.076221838513273,42.61270054291466
South,7584.0,10.989557689122151,22.394293414798035,-248.4076433121019,6.937879389556537,16.3483349781583,24.786587699699936,44.85981308411215
West,6808.0,10.821413464021381,22.82923483714808,-380.2325581395349,6.678795359382165,15.899668212137506,24.951311928207005,45.08670520231214
